P-ISSN,E-ISSN,Keyword,Judul,Penulis,TahunTerbit,Publisher,Volume,NoEdisi,JumlahHalaman,Pdf,Reference,Abstrak
2339-2401,2477-0221," Perilaku Sosial, Anak Putus Sekolah.",Perilaku Sosial Anak Putus Sekolah,"Rahmad. M, Muhlis Madani, Risfaisal",2016,Program Studi Pendidikan Sosiologi Fakultas Keguruan dan Ilmu Pendidikan Universitas Muhammadiyah Makassar,4,2,10,Books/500-1382-1-PB.pdf,https://journal.unismuh.ac.id/index.php/equilibrium/article/view/500,"Penelitian ini bertujuan untuk mengetahui perilaku sosial dan faktor penyebab anak putus sekolah di masyarakat Pattallassang Kabupaten Takalar. Penelitian yang dilaksanakan merupakan penelitian social budaya yang jenis penelitian yang digunakan adalah metode penelitian deskriptif kualitatif dengan cara penentuan sampel melalui teknik Purposive Sampling dengan memilih beberapa informan yang memiliki kriteria yang telah ditentukan oleh peneliti yakni mengetahui tentang Perilaku Sosial Anak Putus Sekolah. Dari hasil penelitian menunjukkan bahwa berdasarkan deskripsi hasil penelitian dan pembahasan menunjukkan  bahwa faktor penyebab anak putus sekolah di masyarakat Pattallassang Kabupaten Takalar Secara umum adalah kondisi ekonomi keluarga yang kurang mendukung, factor lingkungan dan dari diri anak itu sendiri. Sementara perilaku sosial anak putus sekolah memperlihatkan bahwa perilakunya cenderung kepada hal-hal bersifat negatif, seperti: menjadi lebih nakal, sering keluar malam untuk berkumpul dengan teman-temannya, melakukan tindakan kekerasan, mabuk-mabukan, sampai mengkonsumsi narkoba. Namun, berbeda dengan anak putus sekolah kemudian melakukan aktivitas lain, seperti bekerja dan membantu orang tuanya mereka cenderung melakukan perilaku yang positif. Berbagai upaya juga dilakukan pemerintah setempat dalam mencegah terjadinya anak putus sekolah."
2252-7877,2548-3582,"maggot, budidaya, penghematan biaya pakan",Analisis Usaha Budidaya Maggot sebagai Alternatif Pakan Lele,"Rizal Ula Ananta Fauzi, Eka Resty Novieta Sari",2018,"Department of Agro-Industrial Technology, Faculty of Agricultural Technology, Universitas Brawijaya, Indonesia",7,1,8,Books/312-1411-1-PB.pdf,https://industria.ub.ac.id/index.php/industri/article/view/312,"Meningkatnya kebutuhan protein hewani menyebabkan permintaan komoditi ikan meningkat. Sumber protein hewani yang banyak beredar di pasaran adalah lele (Clariasbatrachus). Pellet sebagai sumber utama pakan memiliki harga yang mahal sehingga perlu alternatif lain untuk mengurangi biaya penyediaan pakan. Maggot (Hermetiaillucens Linnaeus) merupakan larva lalat black soldier yang memiliki tekstur kenyal, berprotein tinggi serta memiliki kemampuan untuk mengeluarkan enzim alami yang membantu meningkatkan sistem pencernaan ikan. Penelitian ini bertujuan mengetahui potensi analisis usaha budidaya maggot serta penghematan yang dapat dilakukan jika maggot diberikan sebagai alternatif kombinasi pellet untuk pakan lele. Dari hasil penelitian didapatkan bahwa diperlukan waktu hingga 2 minggu untuk menghasilkan maggot yang siap digunakan untuk pakan. Hasil penelitian menunjukkan bahwa maggot sangat berpotensi sebagai untuk dibudidayakan sebagai alternatif pakan ikan lele. Penggunaan 50% pellet dan 50% maggot dapat menghemat biaya pengadaan pakan sebesar 22,74%."
2252-861x,2715-2685,"Agroindustri, Tahu, Pendapatan, Biaya, dan Efisiensi",ANALISIS USAHA AGROINDUSTRI TAHU DI DESA KAMPUNG MEDAN KECAMATAN KUANTAN HILIR KABUPATEN KUANTAN SINGINGI,"Erlangga Marsila , Elfi Indrawanis dan Jamalludin",2022,"Fakultas Pertanian, Universitas Islam Kuantan Singingi",11,2,7,Books/2214-ArticleText-9396-1-10-20220518.pdf,https://www.ejournal.uniks.ac.id/index.php/GREEN/article/view/2214,"Penelitian ini bertujuan: 1) Untuk mengetahui tingkat biaya dan pendapatan usaha agroindustri tahu di Desa Kampung Medan Kecamatan Kuantan Hilir Kabupaten Kuantan Singingi, 2) Untuk mengetahui tingkat efisiensi usaha agroindustri tahu di Desa Kampung Medan Kecamatan Kuantan Hilir Kabupaten Kuantan Singingi. Metode yang digunakan dalam penelitian ini adalah analisis kuantitatif secara matematik yang menggunakan analisis keuntungan dan analisis efisiensi. Dari hasil penelitian diperoleh biaya yang dikeluarkan dalam usaha agroindustri tahu di Desa Kampung Medan sebesar Rp. 895.727,78/proses produksi dan pendapatan kotor yang diperoleh sebesar Rp. 1.500.000,00/proses produksi dan pendapatan bersih yang diperoleh sebesar Rp. 604.272,22/proses produksi. Dari hasil penelitian ini diperoleh tingkat efisiensi usaha agroindustri tahu sebesar 1,67, artinya setiap biaya yang dikeluarkan Rp. 1,00 akan menghasilkan pendapatan kotor sebesar Rp. 1,67 atau pendapatan bersih sebesar Rp. 0,67. Dengan demikian usaha tahu di Desa Kampung Medan ini layak untuk dikembangkan."
,2807-5633,"Indonesian, Indonesian Education Report Card, educational unit.",Rapor Pendidikan Indonesia: Quo Vadis Kualitas Pendidikan Indonesia?,"Dwi Shintia, Masduki Asbari, Fadhila Khairunisa, Nurul Azizah",2023,Journal of Information Systems and Management (JISMA),2,6,4,Books/ArticleText-0206-18-21.pdf,https://jisma.org/index.php/jisma/article/view/633,"Tujuan dari studi ini adalah untuk mengetahui peningkatkan kualitas Pendidikan di Indonesia dengan cara memberikan informasi yang terintegritas dan berbasis data kepada satuan pendidikan dan pemerintah daerah untuk melakukan refleksi dan perbaikan. Pada laporan studi ini menggunakan metode kualitatif deskriptif dengan melakukan simak catat karena sumber data yang diperoleh dengan menyimak narasi lisan dari channel Youtube Kemendikbud RIyang berjudul “Merdeka Belajar Episode 19: Rapor Pendidikan Indonesia” yang dipaparkan olehnya. Hasil studi ini menjelaskan bahwa raport Pendidikan Indonesia membantu satuan Pendidikan dan pemerintah daerah mengidentifikasi tantangan Pendidikan di satuan Pendidikan dan menjadi bahan untuk refleksi sehingga bisa meyusun rencana perbaikan Pendidikan secara lebih tepat dan berbasis data, serta menyajikan hasil asesmen nasional dan data lain mengenai capaian hasil belajar satuan Pendidikan ke dalam suatu tampilan terintegritas dan informasi mengenai kualitas dan ketimpangan secara sederhana yang mudah dipahami, mengintegritasikan berbagai data Pendidikan untuk membantu satuan Pendidikan dan dinas Pendidikan mengindentifikasikan capaian dan akar masalah."
3021-7474,3021-7466,"education, effective, interactive, Technology, virtual reality",Analisa Pengaruh Virtual Reality Terhadap Perkembangan Pendidikan Indonesia,"Charles, Delvian Yosuky,Tio Sania Rachmi, Eryc",2023,"Pusat Riset dan Inovasi Nasional, Universitas Sains dan Teknologi Komputer Semarang",1,3,14,Books/40-53+Analisa+Pengaruh+Virtual+Reality+Terhadap+Perkembangan+Pendidikan+Indonesia.pdf,https://jurnal.stikes-ibnusina.ac.id/index.php/INOVED/article/view/206,"Kemajuan teknologi yang pesat telah membawa integrasi Realitas Virtual (RV) ke berbagai sektor pendidikan di seluruh dunia, termasuk Indonesia. Fokus dari penelitian ini adalah untuk mengevaluasi dampak penggunaan Realitas Virtual pada perkembangan pendidikan di Indonesia. Melalui tinjauan pustaka yang komprehensif dan analisis empiris, studi ini membahas manfaat potensial dan tantangan yang mungkin timbul dari implementasi teknologi  RV  dalam  konteks  pendidikan.  Selain  itu,  penelitian  ini  juga  menyelidiki  bagaimana  RV  dapat memperkaya metode pengajaran tradisional, melibatkan siswa dalam proses pembelajaran yang mendalam, dan meningkatkan  pemahaman  mereka  tentang  konsep-konsep  kompleks.  Penelitian  ini  berisi  analisis  tentang pengaruh  realitas  virtual  pada  perkembangan  pendidikan  di  Indonesia,  di  mana  para  peneliti  akan mendistribusikan kuesioner online dan mengumpulkan sampel responden untuk menyimpulkan pertanyaan terkait realitas  virtual.  Penelitian  ini  akan  berkontribusi  pada  literatur  yang  ada,  terutama  pada  faktor-faktor  yang mempengaruhi adopsi model RV untuk Media Pembelajaran"
2580-3735,2580-1147,"Akhlak, Media Pembelajaran, Pengembangan",Pengembangan Game Interaktif Wordwall untuk Meningkatkan Akhlak Terpuji Siswa Sekolah Dasar,"Olisna Olisna, Milhatun Zannah, Auliani Sukma, Ani Nur Aeni",2022,Universitas Pahlawan Tuanku Tambusai,6,3,11,"Books/admin,+97.+Olisna+4133+-+4143.pdf",https://jbasic.org/index.php/basicedu/article/view/2737,"Pembelajaran anak mengenai moral dan akhlak kepada orang tua saat ini belum bisa diterapkan dengan begitu baik. Salah satu kendala yang dihadapi pada proses pembelajaran yaitu kurangnya penyampaian yang menarik. Dalam pengabdian nya sebagai seorang tenaga pendidik , maka dalam proses pembelajaran kepada anak tentu harus mengedepankan melalui penyampaian belajar sambil bermain. Hal tersebut dapat dilakukan karena seorang tenaga pendidik harus dapat memahami bahwasanya pada anak seusia sekolah dasar lebih cenderung terhadap bermain. Maka dari itu, para pendidik dituntut agar bisa menyesuaikan dengan perkembangan anak yaitu membuat metode pembelajaran yang menyenangkan melalui metode bermain sambil belajar agar anak dapat lebih semangat untuk mengikuti proses pembelajaran karena bermain sambil belajar memiliki keutamaan untuk mengasuh kemampuan perkembangan dan keterampilan anak sebagaimana langkah awal dalam mendidik akhlak untuk lebih menanamkan pendidikan agama islam kepada peserta didik. Penelitian yang digunakan dalam metode penelitian ini yaitu, Design and Development (D&D) menggunakan model Analyze, Design, Develompent, Implementation, Evaluation (ADDIE). seusia anak sekolah dasar cenderung bermain sambil belajar sehingga penggunaan game interaktif wordwall dipilih sebagai salah satu media pembelajaran."
,2723-6390,"Pengembangan Aplikasi, Game Edukatif, Literasi Budaya, Anak Usia Dini",Strategi Literasi Budaya Anak Usia Dini melalui Pengembangan Game Edukatif,"Esti Kurniawati Mahardika, Tiara Sevi Nurmanita, Khaerul Anam, Mario Aditya Prasetyo",2023,Perkumpulan Pengelola Jurnal PAUD Indonesia,4,2,14,Books/287-ArticleText-1948-1-10-20231117.pdf,https://www.murhum.ppjpaud.org/index.php/murhum/article/view/287,"Game dapat membantu anak usia dini (AUD) untuk digunakan dalam proses belajar yang menyenangkan. Selain itu, pembelajaran budaya juga dapat sebagai sarana untuk memacu kreativitas anak sehingga diperlukan media pembelajaran yang menarik. Tujuan penelitian ini adalah mengembangkan media game edukasi untuk meningkatkan literasi budaya untuk anak usia dini. Media game edukasi yang dihasilkan berbentuk gambar dan musik produk budaya daerah yang ada di Indonesia. Metode penelitian ini adalah R&D (Research and Development) berdasarkan model ADDIE (Analyze, Design, Development, Implementation, dan Evaluation) dari Robert Maribe Branch. Penelitian ini fokus pada tahap analyze, design, dan development, sedangkan tahap implementation dan evaluation akan dilaksanakan pada tahun berikutnya. Teknik pengumpulan data penelitian ini menggunakan kuesioner dan teknik analisis data adalah analisis deskriptif kuantitatif. Hasil penelitian ini adalah aplikasi yang bernama “GRADASI: Game Literasi Budaya Anak Usia Dini”. Aplikasi ini berupa game edukasi yang berisi kuis-kuis seputar budaya di Indonesia. Budaya Indonesia yang digunakan sebagai kuis berfokus pada makanan, tarian, rumah adat, serta bangunan yang menjadi ciri khas masing-masing provinsi. Implikasi pengembangan game edukasi ini adalah dapat meningkatkan literasi budaya untuk AUD, menumbuhkan sikap rasa cinta pada tanah air sejak AUD, serta mengetahui keberagaman suku budaya di Indonesia."
2356-1327,2549-8959,"game edukasi 3d, cinta tanah air, anak usia dini",Pengembangan Game Edukasi 3D untuk Menumbuhkan Cinta Tanah Air Sejak Dini,"Indaria Tri Hariyani, Norma Diana Fitri",2023,Universitas Pahlawan Tuanku Tambusai,7,2,14,Books/3378-18624-3-PB.pdf,https://mail.obsesi.or.id/index.php/obsesi/article/view/3378,"Saat ini pegaruh budaya Barat menyebabkan gaya hidup anak usia dini berubah dan mulai meninggalkan budaya asli Indonesia, maka tujuan dari penelitian ini untuk pengembangan bahan pembelajaran yakni game edukasi 3D dalam menghadapi masalah saat ini khususnya kurangnya rasa cinta pada tanah air Indonesia untuk anak usia dini. Penelitian ini memakai metode R&D menggunakan model ADDIE. Hasilnya menunjukan bahwa penelitian ini layak digunakan berdasarkan uji validasi oleh 3 validator mengatakan sangat valid. Validasi ahli ini ada 3 yaitu ahli pada media pengembangan, ahli pada materi pembelajaran dan ahli pada desain pembelajaran. Berdasarkan dari hasil pengujian bisa diberi kesimpulan bahwa pengembangan media game digital edukasi 3D ini bisa digunakan sebagai bahan pembelajaran guna menunjang guru saat penyampaian proses pembelajaran yang menggembirakan. Sehingga menumbuhkan cinta pada tanah air Indonesia kepada anak sejak dini."
2580-3735,2580-1147,"Game Edukasi, Android, Hasil Belajar",Pengembangan Game Edukasi Berbasis Android untuk Meningkatkan Hasil Belajar Siswa di Sekolah Dasar,"Ririn Windawati, Henny Dewi Koeswanti",2021,Universitas Pahlawan Tuanku Tambusai,5,2,12,"Books/admin,+64+Ririn+Windawati+1027-1038.pdf",https://jbasic.org/index.php/basicedu/article/view/835,"Media pembelajaran adalah alat bantu guru untuk menyampaikan informasi dalam kegiatan pembelajaran. Namun saat ini masih banyak Sekolah Dasar yang melaksanakan kegiatan pembelajaran hanya menggunakan media dalam bentuk audio visual, alat peraga, dan benda-benda di sekitar saja sehingga membuat siswa mudah bosan saat mengikuti kegiatan pembelajaran. Dengan adanya teknologi dapat dijadikan media pembelajaran yang menarik berupa game edukasi berbasis android. Tujuan dari penelitian ini yaitu mengetahui tingkat validitas menurut pendapat ahli mengenai produk pengembangan Game Edukasi Berbasis Android Untuk Meningkatkan Hasil Belajar Pada Siswa Kelas IV. Jenis penelitian ini adalah pengembangan atau Research and Development (R&D). Penelitian dilaksanakan dengan menggunakan model desain pengembangan ASSURE yaitu Analisis Siswa (Analisis Learner), Menetapkan Tujuan (State Objektive), Memilih metode, media dan Materials (Select Method, Media & Materials), Memanfaatkan Media dan Bahan ajar (Utizile media & Materials), Melibatkan siswa dalam kegiatan pembelajaran (Require Learner),dan Evaluasi dan revisi (Evaluasi & Revise). Data hasil uji validasi ahli diperoleh sebagai berikut: (1) persentase yang diperoleh dari uji validasi ahli materi sebesar 73% dengan kriteria penilaian yang didapatkan adalah tinggi; (2) presentase yang diperoleh dari uji validasi ahli media sebesar 97% dengan kriteria penilaian yang didapatkan adalah sangat tinggi. Berdasarkan uji validasi dari ahli media dan ahli materi, dapat disimpulkan bahwa media pembelajaran berupa Game Edukasi Berbasis Android Untuk Meningkatkan Hasil Belajar Tema 7 Pada Siswa Kelas IV dapat dikatakan layak digunakan."
,1411-3201,"E-commerce, Model View Controller, Website",WEBSITE E-COMMERCE MENGGUNAKAN MODEL VIEW CONTROLLER ( MVC ) DENGAN FRAMEWORK CODEIGNITER Studi Kasus : Toko Miniatur,Donni Prabowo,2015,Universitas Amikom Yogyakarta,16,1,7,Books/225-705-1-PB.pdf,https://ojs.amikom.ac.id/index.php/dasi/article/view/225,"Buying and selling is already often done in life. Buyers come to the seller to make the purchase. But it can be made easy with electronic commerce (e-commerce). E-commerce utilizing Internet technology that is already familiar to most people. By using the website, the seller can display the product so buyers do not have to come to the seller formerly. The use of Model View Controller would be helpful in the application development because it will be more easily understood by developers. MVC mechanism is a separate application development based major components that build an application such as the manipulation of data (model), user interface (View), and part of the control (Controller) in a web application. CodeIgniter Framework will be applied in making the application because it has libraries in it so that it will ease the development of applications. The implementation of MVC (Model View Controller) with CodeIgniter Framework, applications become easier to be developed by the next developer. Mobile applications by applying the Framework Phonegap will easier for mobile device users to obtain information about the products. This system has a push notification feature that makes the admin or employee can obtain information quickly and timely."
2355-9055,2443-3640,"website, ecommerce, penjualan, online, rikascollection",Perancangan Website E-Commerce Rikas Collection,Tubagus Riko Rivanthio,2020,TEMATIK : Jurnal Teknologi Informasi dan Komunikasi ,7,2,10,Books/485-ArticleText-637-1-10-20201230.pdf,https://jurnal.plb.ac.id/index.php/tematik/article/view/485,"Penelitian ini merupakan penelitian yang bertujuan untuk membuat website e-commerce Rikas Colecction, dimana Rikas Collection merupakan UMKM yang bergerak dibidang penjualan fashion secara online pada marketplace Shopee dan media sosia Facebook. Rikas Collection mengalami beberapa kendala dalam penjualan di marketplace shopee dan media Facebook, yaitu ketatnya persaingan antar penjual dan ketatnya aturan dari marketplace shopee. Solusi untuk mengatasi kendala yang dihadapi oleh Rikas Collection adalah membuat website e-commerce agar Rikas Collection dapat menentukan sendiri aturan-aturan yang menyesuaikan dengan kebutuhan pembeli. Pembuatan website ecommerce menggunakan metode waterfall yang diawali dengan melakukan analisis kebutuhan data dan alur system, melakukan desain sistem baik desain untuk alur system maupun desain tempay menyimpan data, melakukan pengkodean hasil dari desain, dan terakhir adalah pengujian website. Penelitian ini diharapkan diperoleh suatu media untuk mengatasi permasalahan yang terjadi pada penjualan Rikas Collection yaitu website ecommerce."
2303-7533,2339-2352,"Lahan Sempit, Sistem Hidroponik",PEMANFAATAN LAHAN DENGAN MENGGUNAKAN SISTEM HIDROPONIK,Ida Syamsu Roidah,2015,English Education : Journal of English Teaching and Research,1,2,8,Books/14-ArticleText-22-1-10-20140916.pdf,https://journal.unita.ac.id/index.php/bonorowo/article/view/14,"Perkembangan teknologi dalam bidang pertanian semakin tahun semakin pesat, sehingga masyarakat khususnya petani tertinggal dalam memanfaatkan kemajuan teknologi tidak akan memperoleh keuntungan yang maksimal dari kegiatan usaha yang dilakukannya. Salah satu teknologi yang layak disebarluaskan adalah teknologi hidroponik, hal ini  dikarenakan semakin langkanya lahan pertanian akibat dari banyaknya sektor industri dan jasa, sehingga kegiatan usaha pertanian konvensial semakin tidak kompetitif karena tingginya harga lahan. Teknologi budidaya pertanian dengan sistem hidroponik diharapkan menjadi salah satu alternatif bagi masyarakat yang mempunyai lahan terbatas atau  pekarangan, sehingga dapat dijadikan sebagai sumber penghasilan yang memadai. Hidroponik merupakan metode bercocok tanam dengan menggunakan media tanam selain tanah, seperti batu apung, kerikil, pasir, sabut kelapa, potongan kayu atau busa. Hal tersebut dilakukan karena fungsi tanah sebagai pendukung akar tanaman dan perantara larutan  nutrisi dapat digantikan dengan mengalirkan atau menambah nutrisi, air dan oksigen melalui media tersebut."
,2714-8785,"Hidroponik, Teknologi, Pekarangan",Peningkatan Pendapatan Masyarakat Melalui Pemanfaatan Pekarangan Dengan Tekhnik Budidaya Hidroponik,"Yudha Andriansyah Putra, Gustina Siregar, Sri Utami",2019,Universitas Muhammadiyah Sumatera Utara,1,1,6,Books/3589-7161-1-PB.pdf,https://jurnal.umsu.ac.id/index.php/snk/article/view/3589,"Kecamatan Medan Helvetia merupakan wilayah dengan kepadatan penduduk yang tinggi dan merupakan ciri dari perkotaan. Salah satu kelurahannya adalah Kelurahan Dwikora selain penduduk yang padat pemilikan lahan pekarangan belum dioptimalkan serta tingkat pendapatan masyarakat yang rendah. Dalam hal ini perlu upaya memberikan pengetahuan berupa inovasi dalam pemanfaatan lahan pekaranagan dengan teknologi budidaya hidroponik yang tidak memerlukan lahan yang luas. Hasil survei awal yang dilakukan maka tujuan yang akan dicapai adalah mengembangkan kelompok masyarakat yang mandiri secara ekonomi dengan memberikan keterampilan tentang teknik budidaya tanaman hidroponik, teknik pengemasan hingga pemasaran dan memberikan pengetahuan tentang peluang agribisnis sayuran hidroponik dimasa yang akan datang. Sedangkan target khusus yang akan dicapai adalah masyarakat memiliki kemampuan dalam meningkatkanatau menambah penghasilan keluarga dari budidaya hidroponik serta merubah perilaku dalam memanfaatkan pekarangan rumah agar mempunyai nilai ekonomis. Metode yang digunakan adalah dengan membuat demplot dan pelatihan dari tim serta narasumber yang ahli dalam hal budidaya tanaman hidroponik , pengemasan dan pemasaran guna memberikan keterampilan kepada mitra untuk selanjutnya dilakukan wawancara untuk mendapatkan data-data sesuai dengan kebutuhan analisis. Terdapat peningkatan pendapatan masyarakat dari tanaman hidroponik rata-rata Rp. 200.000/ musim tanam, tergantung jenis sayuran yang diusahakan. Terjadi perubahan perilaku (pengetahuan, keterampilan, dan sikap) msyarakat dalam adopsi teknologi budidaya hidroponik."
2623-2308,2623-0119,"Web Scraping, Text Mining, Akuisisi Informasi, Kategorisasi Informasi, Hidroponik",Implementasi Web Scrapping dan Text Mining untuk Akuisisi dan Kategorisasi Informasi dari Internet (Studi Kasus: Tutorial Hidroponik),"Agung Priyanto, Muhammad Rifqi Ma'arif",2018,"Department of Information Systems, Universitas Atma Jaya Yogyakarta",1,1,9,"Books/clara_hetty_p,+3.+Implementasi+Web+Scraping+dan+Text+Mining+untuk+Akuisisi+dan+Kategorisasi+Informasi+Laman+Web+Tentang+Hidroponik.pdf",https://ojs.uajy.ac.id/index.php/IJIS/article/view/1664,"Dengan banyaknya sumber informasi yang ada, akan memunculkan dua kemungkinan, di satu sisi akan memberikan manfaat, namun di sisi lain akan menimbulkan fenomena information overload. Information overload adalah banyaknya jumlah informasi yang diterima oleh manusia sehingga menimbulkan kesulitan dalam penerimaan dan pengolahan. Fenomena information overload salah satunya terjadi pada informasi mengenai tata cara bercocok tanam dengan metode atau teknik hidroponik yang sekarang sedang marak digemari masyarakat luas. Dengan banyaknya laman web yang menyajikan informasi mengenai hidroponik, masyarakat harus menyediakan lebih banyak waktu untuk memilah dan mengakses sebanyak mungkin laman web guna mendapatkan informasi yang lengkap dan akurat. Penelitian ini bertujuan untuk mengimplementasikan teknik web scraping yang dikombinasikan dengan text mining untuk secara otomatis mengakuisisi informasi dari laman-laman web yang memuat informasi mengenai hidroponik dan mengkategorisasikannya berdasarkan topik yang lebih spesifik dari artikel hidroponik yang terdapat dalam laman web tersebut. Dari eksperimen yang sudah dilakukan, web scraping dan text mining berhasil diimplementasikan untuk mengakuisisi artikel-artikel terkait hidroponik dari internet dan mengelompokkannya ke dalam beberapa kategori berdasarkan topik artikel secara otomatis."
2541-1896,2614-8714,"sistem penjualan, incremental, Internet of Things (IoT), produk pertanian, Kabupaten Bogor",PENGGUNAAN INTERNET OF THINGS DALAM PEMASARAN PRODUK PERTANIAN,"Helina Apriyani, Sismadi Sismadi, Sefrika Sefrika",2018,Jusikom : Jurnal Sistem Komputer Musirawas,3,2,9,Books/367-ArticleText-936-4-10-20221111.pdf,https://jurnal.univbinainsan.ac.id/index.php/jusikom/article/view/367,"Internet of things (IoT) adalah sebuah konsep yang menghubungkan komputer dan perangkat elektronik melalui internet dan dapat dikendalikan dari jarak jauh. Konsep terpenting dalam Internet of things (Iot) adalah modul sistem informasi, koneksi internet dan penyimpanan datanya dalam cloud computing. Konsep ini memiliki manfaat besar dalam perkembangan usaha dan kelangsungan bisnis perusahaan dimana hampir semua bidang menggunakan IoT untuk dapat bersaing di pasaran. Indonesia merupakan sebuah negara yang dianugerahi kekayaan alam yang melimpah ruah. Salah satu komoditi unggulan adalah produk pertanian. Penelitian ini bertujuan untuk membantu para petani dalam memasarkan produknya melalui e-commerce dengan menggunakan konsep Internet of things IoT. Metode penelitian dengan menggunakan metode incremental.  Incremental digunakan untuk mendesai produk, kemudian  diimplementasikan, dan diuji secara bertahap (setiap modul akan ditambahkan bertahap) hingga produk selesai. Hasil penelitian ini digunakan untuk membantu petani di Kabupaten Bogor untuk mendistribusikan penjualannya secara luas, meningkatkan revenue dan memutus rantai panjang proses penjualan."
2087-1716,2548-7779,"Soil moisture, Sensor, Arduino",MONITORING KELEMBABAN TANAH PERTANIAN MENGGUNAKAN SOIL MOISTURE SENSOR FC-28 DAN ARDUINO UNO,Husdi Husdi,2018,Prodi Teknik Informatika FIK Universitas Muslim Indonesia,10,2,7,Books/315-1016-2-PB.pdf,https://jurnal.fikom.umi.ac.id/index.php/ILKOM/article/view/315,"Tanah sebagai faktor utama dalam pertanian harus dipertimbangkan sebaik mungkin agar dapat memberikan hasil seperti yang diharapkan. Salah satunya dengan memanfaatkan teknologi komputer dan internet untuk memonitor kelembaban tanah. Kelembaban tanah adalah salah satu faktor lingkungan yang mempengaruhi pertumbuhan tanaman. Salah satu inovasi teknologi informasi dan komunikasi di bidang pertanian adalah penggunaan Internet of Things. Dengan menggunakan Internet Of Things, hal itu bisa dilakukan untuk memantau kelembaban tanah yang menjadi media tanam tanaman hortikultura. mengetahui nilai kelembaban tanah akan sangat berguna untuk dapat menentukan langkah atau penanganan tanah. Hasil pengujian menunjukkan bahwa pengukuran kelembaban tanah menggunakan sensor kelembaban tanah dapat bekerja dengan baik dan menampilkan informasi nilai kelembaban tanah. Berdasarkan hasil dan analisis yang telah dilakukan, dapat disimpulkan bahwa hasil pemantauan sistem pemantauan kelembaban tanah ini sudah dapat digunakan untuk memonitor lahan pertanian. Sehingga hasil penelitian ini diharapkan dapat membantu petani dalam pengambilan keputusan berdasarkan informasi tentang nilai kelembaban tanah yang telah diperoleh. Hasil akhir yang didapatkan dari pembacaan nilai sensor adalah basah, lembab dan kering sesuai dengan nilai range Data Analog yang telah ditetapkan. Yaitu Kondisi basah ketika mendapatkan keluaran dengan range batas bawah yaitu 150 dan batas atas 339, kondisi lembab ketika mendapatkan keluaran dengan range batas bawah 340 batas atas 475, kondisi Kering ketika mendapatkan nilai sensor dengan range batas bawah yaitu 476 dan batas atas 1023."
,2654-5411,"Badan Layanan Umum Daerah, Pengelolaan Keuangan",EVALUASI POLA PENGELOLAAN KEUANGAN SETELAH PENERAPAN BLUD DI PUSKESMAS SOREANG KABUPATEN BANDUNG,"Ayu Laili Rahmiyati, Gunawan Irianto, Agus Riyanto, Husnia Dwi Rizkiyanti",2020,Sekolah Tinggi Ilmu Kesehatan Jenderal Achmad Yani Cimahi,2,1,9,Books/30-ArticleText-108-2-10-20210204.pdf,https://ejournal.stikesjayc.id/index.php/PLT/article/view/30,"Latar Belakang: Puskesmas sebagai Badan Layanan Umum Daerah (BLUD) berpeluang untuk dapat meningkatkan pelayanan ke masyarakat. Puskesmas soreang adalah salah satu yang menerapkan pola pengelolaan keuangan, namun pada penerapannya masih terdapat kendala. Tujuan Penelitian: untuk mengevaluasi dan mengetahui input, proses dan output dalam pengelolaan keuangan setelah menerapkan pola keuangan BLUD di Puskesmas Soreang. Metode Penelitian: jenis penelitian ini deskriptif kualitatif dengan rancangan fenomenologi. Informan ditentukan dengan tehnik purposive sampling dengan jumlah 5 orang. Pengumpulan data melalui wawancara mendalam, observasi dan telaah dokumen di Puskesmas Soreang. Hasil Penelitian: Setelah BLUD SDM terkait keuangan bertambah sehingga mempermudah pengelolaan keuangan, namun masih masih merangkap dengan pekerjaan lain. Dana perencanaan keuangan masih belum terencana dengan baik, sarana prasarana setelah BLUD sudah cukup memadai, SOP mengenai pengelolaan keuangan masih dalam proses penyusunan. Pada aspek proses pengelolaan keuangan setelah BLUD pengelolaan keuangan Puskesmas lebih leluasa dan fleksibel dalam mengelola keuangan namun masih dibawah pengawasan Dinas Kesehatan. Kesimpulan: Puskesmas Soreang disarankan untuk dapat melakukan perencanaan anggaran dengan lebih terperinci di setiap tahunnya, melengkapi SDM yang dibutuhkan untuk mengurangi beban kerja petugas dan tidak merangkap jabatan, menyelesaikan SOP yang telah disusun."
0215-0832,2986-2655,Implementasi Program Keluarga Harapan,IMPLEMENTASI PROGRAM KELUARGA HARAPAN DI DESA JANGKAR KECAMATAN JANGKAR KABUPATEN SITUBONDO,"Farida Hanum, Nina Sa'idah Fitriyah, Rifatul Husna",2021,Fakultas Ilmu Sosial dan Ilmu Politik Universitas Abdurachman Saleh Situbondo,17,2,14,Books/2010-109-11210-1-10-20220907.pdf,https://unars.ac.id/ojs/index.php/acton/article/view/2010,"Penelitian yang berjudul Implementasi Program Keluarga Harapan di Desa Jangkar Kecamatan Jangkar Kabupaten Situbondo dilatarbelakangi oleh Pelaksanaan Program Keluarga Harapan (PKH) di Kecamatan Jangkar banyak sekali tidak tepat sasaran. Hal ini dikarenakan pendamping Program Keluarga Harapan (PKH) hanya mendapatkan data-data peserta dari atasan yang telah melakukan survey sebelumnya. Sehingga pendamping Program Keluarga Harapan (PKH) tidak mengetahui tentang ketidaktepatan tersebut. Penelitian bertujuan pertama untuk mengetahui apa saja Program Keluarga Harapan (PKH) dalam memberikan perlindungan sosial pada masyarakat di Desa Jangkar Kecamatan Jangkar Kabupaten Situbondo. Kedua Untuk mengetahui implementasi Program Keluarga Harapan (PKH) dalam memberikan perlindungan sosial pada masyarakat di Desa Jangkar Kecamatan Jangkar Kabupaten Situbondo. Ketiga untuk mengetahui faktor pendorong dan faktor penghambat dalam mengimplementasikan Program Keluarga Harapan (PKH) di Desa Jangkar Kecamatan Jangkar Kabupaten Situbondo. Metode yang digunakan dalam penelitian skripsi ini menggunakan metode kualitatif yaitu suatu proses menemukan pengetahuan yang menggunakan data berupa angka sebagai alat untuk menemukan keterangan mengenai apa yang ingin kita ketahui. Berdasarkan hasil penelitian dapat disimpulkan Program Keluarga Harapan (PKH) di Desa Jangkar Kecamatan Jangkar Kabupaten Situbondo dapat disimpulkan bahwa proses pelaksanaan PKH sudah berjalan dengan baik sesuai dengan tujuan diluncurkan PKH yaitu dengan harapan mampu memecahkan masalah klasik yang dihadapi RTSM seperti maslaah gizi buruk, tingginya kematian ibu dan bayi serta rendahnya partisipasi pendidikan pada anak usia sekolah. Target yang dicapai dalam pelaksanaan Program Keluarga Harapan (PKH) di Desa Jangkar Kecamatan Jangkar Kabupaten Situbondo ini berupa terbantunya masyarakat yang tidak mampu khususnya rumah tangga sangat miskin (RTSM) dalam memenuhi kebutuhan hidup berkaitan dengan pendidikan, dan kesehatan ibu hamil serta balita. Tercapainya hasil yang diinginkan dari program ini sudah sesuai dengan tujuan pendidikan yaitu untuk mengevaluasi dan mengetahui pelaksanaan Program Keluarga Harapan (PKH) dalam upaya pengentasan kemiskinan di Kecamatan  Jangkar Kabupaten Situbondo."
2337-7607,2337-7593,"Pengendalian lampu, Mikrokontroller, IoT, Praktik",Penerapan Internet of Things Untuk Pengendalian Lampu Menggunakan NodeMCU ESP8266 Sebagai Media Pembelajaran Praktik Di Politeknik Kelautan Dan Perikanan Sorong,"Egbert Josua Sirait, Andreas Pujianto, Boby Wisely Ziliwu",2023,Universitas Pendidikan Muhammadiyah Sorong,11,1,13,Books/2933-ArticleText-7159-1-10-20230119.pdf,https://unimuda.e-journal.id/jurnalpendidikan/article/view/2933,"Pengetahuan dan keterampilan terhadap Internet of Thing (IoT) sangat penting diberikan kepada peserta didik untuk menghadapi revolusi industri 4.0. Tujuan penelitian adalah menganalisa tingkat pemahaman peserta didik Politeknik Kelautan dan Perikanan Sorong terhadap penerapan IoT pengendalian lampu dalam proses pembelajaran praktik. Sistem pengendalian lampu didesain dan dibuat menggunakan NodeMCU ESP8266 sebagai mikrokontroler dan Blynk sebagai cloud server-nya. Peserta didik sebanyak 22 orang dari Program Studi Mekanisasi Perikanan sebagai responden untuk menjawab kuesioner dalam proses pengambilan data. Skala Likert digunakan untuk mengetahui persepsi dari jawaban responden dari tujuh pernyataan yang diberikan. Proses praktik penerapan sistem IoT untuk pengendalian lampu berlangsung secara baik dari penyiapan alat dan bahan, mempelajari dasar teori pada petunjuk praktik, perangkaian perangkat keras, dan pemrograman sistem IoT. Hasil evaluasi dari ketujuh pernyataan memperoleh nilai yaitu dua pernyataan memperoleh nilai rata-rata cukup baik, empat pernyataan berkriteria baik dan satu pernyataan berkriteria sangat baik. Perbaikan yang perlu dilakukan dalam proses pembelajaran yaitu pemberian materi yang lebih intens kepada peserta didik yang dianggap kemampuannya kurang, perlunya proses perulangan dalam tahapan kerja praktik, dan perbaikan penjelasan serta penambahan gambar tahapan kerja pada modul petunjuk praktik."
,2655-5263,"Internet of Things (IoT), Kemitraan untuk Mencapai Tujuan, Monitoring Kondisi Air, Teknologi",Pelatihan Rancang Bangun Sistem Monitoring Kondisi Air Tambak Berbasis Internet of Things (IoT) di SMK Perikanan dan Kelautan Kecamatan Puger Kabupaten Jember,"Alfian Pramudita Putra, Riries Rulaningtyas, Franky Chandra Satria Arisgraha",2021,Program Studi Magister Pendidikan IPA Universitas Mataram,4,4,6,Books/1007-1-10-20211015.pdf,https://jppipa.unram.ac.id/index.php/jpmpi/article/view/1007,"Kualitas  air  tambak  atau  kolam  budidaya  ikan  atau  udang merupakan  aspek  external  yang  harus  diperhatikan.  Permasalahan  utama dalam  kegagalan  produksi  ikan  atau  udang adalah  buruknya  kualitas  air selama  masa pemeliharaan, terutama pada tambak  intensif.Sebagian  besar pekerjaan monitoring telah dibantu teknologi informasi untuk memudahkan dalam  pelaksanaan  pemantauan.  Salah  satunya  adalah  dengan  penggunaan Internet  of  Things  (IoT).  Sistem  IoT  ini  dapat  digunakan  para  petambak untuk  memantau  kondisi  perarian  tambak  sehingga  produksi  mereka  bisa meningkat.  Melaluikegiatan  pengabdian  masyarakat  Program  Kemitraan Masyarakat  ini,sistem  yang  dapat  memantau  suhu  dan  pH  dari  perariran secara kontinu telah dibuat dengan  memanfaatkan IoT. Hal  inibermanfaat untuk para siswa SMK sehinga mereka dapat meningkatkan kemampuan di bidang  teknologi  yang  tetap  berkaitan  dengan  perikanan  dan  kelautan.Peserta  pelatihan  sangat  antusias  terhadap  pelaksanaan  kegiatan  karena mendapatkanpengetahuan  baru  terkait  mikrokontroler  dan  IoT.Selain  itu, Siswa  SMK  dapat  memiliki  tambahan  kemampuan  dan  pengetahuan  yang bergunauntuk bersaing di dunia kerja, khususnya pada era revolusi industri 4.0."
,2745-9292,"akuaponik, Budidaya Lobster, Aplikasi Mobile, IoT",Implementasi Budidaya Lobster dengan Sistem Pertanian Akuaponik Berbasis IoT (Internet of Things),"Irfan Mirda, Handrio, Bagus Wahyu Pratomo , Melvi, Ardian Ulvan, Aryanto",2022,Politeknik Negeri Cilacap,3,1,6,Books/1573-ArticleText-5182-1-10-20221012.pdf,https://ejournal.pnc.ac.id/index.php/ejoint/article/view/1573,"Perubahan iklim, kepadatan penduduk, dan kegiatan ekspor-impor yang tidak stabil menyebabkan dampak yang cukup serius bagi masyarakat terutama Provinsi Lampung. Hal ini berdampak pada kegiatan usaha terutama dibidang pertanian dan kelautan. Banyak warga yang mata pencahariannya terganggu terutama petani. Petani sangat merasakan kesulitan disamping harga produksi yang naik dan modal produksi yang meningkat. Dengan adanya hal ini tentunya sangat dibutuhkan suatu inovasi yang memungkinkan petani tetap memiliki penghasilan walau kekurangan lahan. Oleh karena itu, penulis melakukan suatu inovasi dengan membuat sistem pertanian akuaponik yang didukung oleh suatu aplikasi monitoring berbasis IoT (Internet of Things) yang diberi nama lobsternik.id. Sistem akuaponik yang dikembangkan yaitu dengan budidaya lobster dan tanaman. Aplikasi ini akan sangat membantu masyarakat pembudidaya dalam mengawasi dan menjaga tanaman serta lobster secara real-time sehingga didapatkan hasil tanaman dan lobster yang maksimal dan berkualitas. Dengan inovasi ini diharapkan masyarakat Lampung dapat memanfaatkan potensi untuk meningkatkan ekonomi terutama diera teknologi. Programini memfokuskan kajian tentang apakah lobsternik.id dapat digunakan dalam membantu penerapan konsep tanam akuaponik, dan bagaimana penerapan sistem kerja akuaponik dengan bantuan aplikasi lobsternik.id. Program ini akan memfokuskan kepada pembuatan aplikasi dan pengimplementasiannya terhadap  masyarakat. Hal ini agar aplikasi dapat berguna dan membantu masyarakat dalam meningkatkan perekonomiannya. Kombinasi implementasi dengan teknologi berbasis IoT (Internet of Things) diharapkan dapat berhasil dan bermanfaat bagi masyarakat terutama Provinsi Lampung."
2614-3259,2599-3410,"Firm value, Environmental Accounting, Capital Structure, Financial Performance",Pengaruh Akuntansi Lingkungan Dan Struktur Modal Terhadap Nilai Perusahaan Dengan Kinerja Keuangan Sebagai Variabel Moderasi,"Yani Yani, Anny Widiasmara, Abd Rohman Taufiq",2023,LPPM STIE Al-Wasliyah Sibolga,6,2,12,Books/1234-ArticleText-4271-1-10-20230511.pdf,https://stiealwashliyahsibolga.ac.id/jurnal/index.php/jesya/article/view/1234,"This study aims to determine the effect of environmental accounting and capital structure on firm value with financial performance as a moderating variable. The sample in this study were 12 BUMN companies listed on the Indonesia Stock Exchange (IDX) for the 2017-2021 period. The research method used is quantitative research with secondary data collection techniques. The analysis technique uses multiple linear regression analysis and Moderated Regression Analysis (MRA). The analytical tool used is SPSS 21. The results show that environmental accounting has no effect on firm value, capital structure has an effect on firm value. Financial performance is not able to moderate environmental accounting and capital structure on firm valu."
2614-3259,2599-3410,"Citra Bank, Penanganan Keluhan, Kepuasan dan Loyalitas",Pengaruh Citra Bank dan Penanganan Keluhan terhadap Kepuasan dan Loyalita Nasabah Tabungan pada Bank NTB Syariah Cabang Mataram,"Listya Ayuningsih Surya Pratiwi, Muh Salahuddin, Pongky Arie Wijaya",2023,LPPM STIE Al-Wasliyah Sibolga,6,2,11,Books/1228-ArticleText-4272-1-10-20230511.pdf,https://stiealwashliyahsibolga.ac.id/jurnal/index.php/jesya/article/view/1228,"Penelitian ini bertujuan untuk mengetahui pengaruh citra bank dan penanganan keluhan terhadap kepuasan dan loyalitas nasabah tabungan pada bank NTB Syariah cabang Mataram. Penelitian ini merupakan penelitian kuantitatif dengan menggunakan statistik deskriptif. Teknik pengambilan sample dalam penelitian ini menggunakan Teknik probability sampling dengan menggunakan metode total sampling dengan jumlah 30 responden. Variable penelitian ini adalah Citra Bank (X1), Penanganan Keluhan (X2), Kepuasan (M) dan Loyalitas (Y). Teknik analisis data yang digunakan adalah analisis linier sederhana dan analisis mediasi sederhana dengan bantuan program SPSS 25. Berdasarkan hasil penelitian bahwa variabel citra bank X1, penanganan keluhan X2 dapat memediasi kepuasan M terhadap Loyalitas Y hal ini dapat di lihat dari persamaan. regresi. Ṁ = 0.236 + 17.002 (X1) dan . y = 0.252+0.236 X + 0.903 (X2).. Dari Output proses di dapat a = 17.002, b = 0.903 dan C = 1.347 karena variable X berbentuk berkategori maka nilai a = 17.002 maka (X=1, kondisi front page) rata-rata lebih tinggi 17.002 dibanding (X=0, artikel interior ) dalam mempengaruhi variable pengaruh media ( PMI). Pengaruh tidak langsung X ke Y lewat M adalah sebesar 1.535 dari ambang batas  0.367 ( jalur a x jalur b). Berdasarkan pengujian signifikansi, variabel X1 dan X2 berpengaruh terhadap loyalitas nasabah karena variabel kepuasan nasabah memediasi."
2964-3260,2964-3252,"SAK EMKM, Financial Reports, MSMEs",Penerapan Standar Akuntansi Keuangan Entitas Mikro Kecil dan Menengah (SAK EMKM) Dalam Penyusunan Laporan Keuangan Pada Istiqamah Store Di Lhkosemauwe,"Intan Fitri Panisa Harahap, Tuti Anggraini, Kusmilawaty Kusmilawaty",2023,Sekolah Tinggi Ilmu Administrasi (STIA) Yappi Makassar,1,5,15,"Books/VOLUME+1,+NO.+5,Okt+2023+Hal+342-359.pdf",http://journal-stiayappimakassar.ac.id/index.php/srj/article/view/693,"UMKM memilik potensi yang tinggi dalam perkembangan ekonomi namun hal tersebut tidak diimbangi dengan kualitas UMKM itu sendiri. Hal tersebut terlihat dari kurangnya kualitas pencatatan dan pengelolaan keuangan yang belum sesuai dengan standar akuntansi yang berlaku yaitu SAK EMKM. Tujuan penelitian ini untuk mengetahui bentuk laporan keuangan Istiqamah Store, untuk mengetahui penerapan SAK EMKM dalam penyusunan laporan keuangan Istiqamah Store, dan untuk mengetahui kendala yang dihadapi dalam melakukan penyusunan laporan keuangan SAK EMKM. Penelitian ini dilakukan menggunakan metode kualitatif dengan pendekatan deskriptif. Lokasi penelitian ini dilakukan di Lhoksemauwe. Sumber data dalam penelitian ini adalah data primer dan data sekunder dengan teknik pengumpulan data yaitu observasi,wawancara dan dokumentasi dan teknik analisis  data yang digunakan adalah  pengumpulan data, reduksi data, penyajian  data  dan penarikan kesimpulan.  Hasil  penelitian  menunjukkan  bahwa  Istiqamah  Store  sudah  melakukan  pencatatan  dan  sudah menyusun laporan keuangan. Bentuk laporan keuangan yang dibuat Istiqamah Store yaitu laporan posisi keuangan dan laporan laba rugi. Istiqamah Store dalam pencatatan dan penyusunan laporan keuangan belum sesuai dengan SAK EMKM, dimana tidak membuat Catatan atas Laporan Keuangan serta pengakuan, pengukuran dan penyajian laporan keuangan Istiqamah Store belum sepenuhnya sesuai dengan SAK EMKM. Adapun kendala yang dihadapi yaitu kurangnya pengetahuan pemilik terhadap SAK EMKM, kurangnya SDM, tidak memiliki latar belakang pendidikan akuntansi dan tidak pernah mengikuti pelatihan terkait penyusunan laporan keuangan."
2964-3260,2964-3252,"Tafakkur, Sepak Bola, Religius, Sains",Tafakkur Filosofis-Analogis Sepak Boladalam Terminologi Religius dan Sains,"Robingun Suyud El Syam, Akhmad Khoiri",2023,Sekolah Tinggi Ilmu Administrasi (STIA) Yappi Makassar,1,5,11,"Books/SRJ+-+VOLUME+1,+NO.+5,+Oktober++2023+Hal+01-10.pdf",https://journal-stiayappimakassar.ac.id/index.php/srj/article/view/573,"Sepak bola merupakan olahraga rakyat yang Universitas Sains Al-Qu’an, Wonosobomendunia. Dari  anak  kecil,  remaja,  dewasa  sampai  orang  tua,  semua  gemar  dengan  olahraga  ini. Tentulah  menarik  bila  sepakbola  dikaitkan  dengan  sains  dan  agama. Maka,  tujuan  penelitian berusaha mengungkap tafakkur filosofis-analogis sepak bola dalam terminologi religius dan sains. Dengan  pendekatan  filosofis-analogis,  menyimpulkan: bahwa sepak  bola  jumlah  pemainnya  11 sehingga  disebut keseblelasan. Angka  sebelas dalam terminologi agama  bisa dihubungkan  dengan kewajiban  seorang  muslim  dimana  mesti  menjalani  5  rukun  islam  dan  6  rukun  iman.  Dengan pendekatan  sains,  angka  sebelas  dalam  terminologi  agama  akan  diketemukan  hubungan  dengan keajaiban lafadz Allah SWT dan Nabi Muhammad Saw. 11 teknik dasar sepak bola juga merupakan respentasi  sainsdimana  hal  tersebut  menunjukkan  tanda-tanda  kebesaran  Allah.Penelitian  lebih spesifik tentang relasi agama dan sains tentang sepakbola diperlukan demi kedalaman esensi."
2655-1365,2654-5497,"Sistem Akuntansi Keuangan, Kompetensi SDM, Sistem Pengendalian Internal, Kualitas",Analisis Sistem Akuntansi Keuangan Daerah dalam Menentukan Kualitas Laporan Keuangan di Kabupaten Jayapura,"Gratiana D.H.D Puspita , Apner Siang , Taufik Rachman , Alfida Dogopia",2023,Universitas Pahlawan Tuanku Tambusai,5,1,11,Books/1112-ArticleText-2851-1-10-20230123.pdf,https://www.jonedu.org/index.php/joe/article/view/1112,"Penelitian ini bertujuan untuk menganalisis pengaruh penerapan sistem akuntansi keuangan daerah, kompetensi sumber daya manusia dan sistem pengendalian internal terhadap kualitas laporan keuangan pada Dinas Sosial Kabupaten Jayapura, baik secara parsial maupun secara simultan. Penelitian ini dilaksanakan pada kantor Dinas Sosial Kabupaten Jayapura. Penelitian akan dilaksanakan selama 1 bulan lebih. Adapun sumber data dalam penelitian ini yaitu berupa data primer diperoleh secara langsung dari responden atau yang menjadi sampel dalam penelitian ini dan data sekunder yang bersumber dari informasi di tempat penelitian, jurnal-jurnal ilmiah, situs atau dokumen yang berkaitan dengan obyek penelitian. Analisis data dalam penelitian ini menggunakan analisis data kuantitatif, statistik deskriptif, uji asumsi klasik, analisis regresi berganda, uji hipotesis dengan uji simultan (uji-F) dan uji parsial (uji- T) dan koefisien determinasi dengan menggunakan aplikasi SPSS. Jumlah sampel yang digunakan adalah seluruh pegawai yang berjumlah 35 responden. Hasil penelitian terbukti bahwa secara persial sistem akuntansi \ keuangan daerah berpengaruh signifikan terhadap kualitas laporan keuangan dinas sosial kabupaten jayapura, kompetensi sumber daya manusia tidak berpengaruh signifikan terhadap kualitas laporan keuangan dinas sosial kabupaten jayapura dan sistem pengedalian internal tidak berpengaruh signifikan terhadap kualitas laporan keuangan dinas sosial kabupaten jayapura. Secara simultan sistem akuntansi keuangan daerah kompetensi sumber daya manusia dan sistem pengendalian internal berpengaruh terhadap kualitas laporan keuangan dinas sosial kabupaten jayapura."
0853-8638,2089-8045,"Artificial Neural Network, Convolutional Neural Network, Deep Learning, Machine Learning, Segmentasi Gambar",PENERAPAN HYPERPARAMETER CONVOLUTIONAL NEURAL NETWORK (CNN) DALAM MEMBANGUN MODEL SEGMENTASI GAMBAR MENGGUNAKAN ARSITEKTUR U-NET DENGAN TENSORFLOW,"Tri Sulistyorini, Erma Sova, Nelly Sofie, Revida Iriana Napitupulu",2023,Jurnal Ilmiah Informatika Komputer,28,2,10,Books/6959-24282-1-PB.pdf,https://ejournal.gunadarma.ac.id/index.php/infokom/article/view/6959,"Teknologi canggih membutuhkan keterampilan atau performa yang baik untuk memudahkan sebagian pekerjaan di era modern, yaitu dengan menggunakan pendekatan machine learning. Bidang machine learning telah mengalami perubahan yang impresif dengan adanya kemunculan Artificial Neural Network (ANN). Model komputasi ini terinspirasi oleh jaringan saraf biologis yang telah melampaui bentuk kecerdasan buatan pada machine learning pada umumnya. Salah satu arsitektur Artificial Neural Network (ANN) yang paling unggul yaitu Convolutional Neural Network (CNN). CNN pada umumnya digunakan untuk memecahkan masalah pengenalan pola berbasis gambar yang kemudian menghasilkan output yang cukup baik dalam hal kompleksitas sederhana. Tujuan penelitian  adalah untuk Menerapkan convolutional neural network yaitu U-NET dan penerapannya pada TensorFlow, pembuatan segmentasi gambar dengan deep learning yang diterapkan seperti pada Oxford-IIIT Pet Dataset, melakukan pencarian prediksi yang dilakukan dengan arsitektur U-Net untuk menghasilkan hasil yang baik atau malah sebaliknya, melihat perbandingan Predicted Mask dengan True Mask pada kelas kucing yang munculkan dalam bentuk skor IOU dan penerapannya menggunakan nilai batas bawah pada IOU. Metode penelitian adalah untuk mengenalkan machine learning, CNN, dan arsitektur U-NET yang awalnya dirancang untuk segmentasi gambar biomedis. Hasil prediksi yang dilakukan dengan arsitektur U-Net menghasilkan hasil yang baik, perbandingan Predicted Mask dengan True Mask pada kelas kucing yang mendapatkan skor IOU sebesar 0.933. Pada penerapan ini menggunakan batas bawah 0.5 pada IOU sehingga model ini dapat berjalan dengan baik."
,2580-1643,"E-Commerce, System Pembayaran, Naives Bayes, Decision Tree.",Sentiment Analysis Marketplaces Digital menggunakan Machine Learning,"Feliks Ferianro Kiedrowsky, Andrianingsih",2023,Lembaga Otonom Lembaga Informasi dan Riset Indonesia (KITA INFO dan RISET),7,3,7,Books/document.pdf,https://journal.lembagakita.org/index.php/jtik/article/view/1002,"Di era saat ini, dunia teknologi semakin berkembang, salah satunya perkembangan platform jual beli online (e-commerce). E-commerce adalah kinerja transaksi barang atau jasa jarak jauh antara dua perusahaan (bisnis-ke-bisnis) atau antara perusahaan dan pelanggan (bisnis-ke-konsumen). E-commerce telah memfasilitasi transaksi jarak jauh. Keberadaan platform belanja online ini sangat mempengaruhi masyarakat Indonesia dan seluruh dunia yang melakukan aktivitas belanja online, terutama dalam situasi pandemi saat ini. Ada banyak platform e-commerce yang bisa kita gunakan saat ini. Saat kita melakukan pembelian secara online, kita ditawarkan beberapa metode pembayaran pada masing-masing platform yang akan kita gunakan. Penelitian ini akan membahas analisis sentimen berdasarkan kuesioner yang diisi oleh responden. Hasil penelitian ini akan mengarah pada kepuasan pengguna menggunakan sistem pembayaran yang disediakan pada platform yang dipilih dan akan menunjukkan sistem pembayaran yang paling sering digunakan pada setiap platform. Parameter pencarian ini menggunakan sistem pembayaran, usia, pekerjaan, dan latar belakang. Penelitian ini menggunakan metode Naive Bayes dan Decision Tree."
2808-8832,2808-8670,"media pembelajaran, mobile learning, game edukasi LACAKU",PENGEMBANGAN MEDIA PEMBELAJARAN MATEMATIKA BERBASIS MOBILE LEARNING MELALUI GAME EDUKASI LACAKU PADA MATERI ALJABAR,"Annisah, Reflina, Ella Andhany",2023,"Fakultas Ilmu Tarbiyah dan Keguruan, UIN Sumatera Utara",3,2,8,Books/13.ANNISAH213-220.pdf,https://ejournal.yana.or.id/index.php/relevan/article/view/850,"Penelitian ini bertujuan untuk mengetahui keperaktisan dan keefektifan media yang dikembangkan di SMPN 14 Medan kelas VII. Metodologi penelitian yang digunakan adalah research and development (R&D) yaitu pengembangan media pembelajaran berbasis mobile learning menggunakan Model pengembangan ADDIE (Analysis, Design, Development, Implementation, Evaluation). Teknik analisis data validasi menggunakan skala likert dan tes hasil belajar siswa. Hasil penelitian mengungkapkan bahwa (1) Kelayakkan media berdasarkan penilaian ahli media mendapatkan rata-rata persentase sebesar 83.05% dengan kriteria “sangat layak” dan penilaian ahli materi mendapatkan rata – rata persentase sebesar 83,65% dengan kriteria “sangat layak”. (2) Kepraktisan media pembelajaran berdasarkan respon siswa setelah menggunakan media mendapatkan ratarata persentase sebesar 79,94% dengan kriteria “sangat praktis”. (3) Keefektifan media berdasarkan hasil ketuntasan belajar siswa setelah menggunakan media pembelajaran matematika interaktif sebesar 90,625%."
0852-0941,2549-0907,"protection, privacy, personal data, cloud computing",KONSEP PERLINDUNGAN HUKUM ATAS PRIVASI DAN DATA PRIBADI DIKAITKAN DENGAN PENGGUNAAN CLOUD COMPUTING DI INDONESIA,Sinta Dewi,2016,"Faculty of Law, Universitas Sebelas Maret",5,1,9,Books/8712-15812-1-PB.pdf,https://jurnal.uns.ac.id/yustisia/article/view/8712,"Meningkatnya pemanfaatan teknologi internet melahirkan tantangan baru dalam perlindungan atas privasi dan data pribadi, terutama dengan semakin meningkatnya praktik pengumpulan, pemanfaatan dan penyebaran data pribadi seseorang. Ketertinggalan instrumen dan regulasi menjadi salah satu pemicu lemahnya mekanisme proteksi terhadap privasi dan data pribadi khususnya dalam penggunaan teknologi cloud computing. Cloud computing adalah teknologi yang menggunakan internet dan server pusat yang jauh untuk menjaga atau mengelola data pengguna. Cloud computing membantu pengguna untuk menggunakan aplikasi tanpa melakukan instalasi sehingga file pribadi dapat diakses di manapun dan kapanpun melalui akses internet. Teknologi ini memungkinkan efisiensi dengan memusatkan penyimpanan, pemrosesan dan memori data. Namun demikian, di sisi lain, cloud computing telah menimbulkan permasalahan hukum baru yaitu bagaimana data pribadi pengguna cloud computing terlindungi dari berbagai macam pengungkapan dan pendistribusian oleh penyedia jasa cloud computing terhadap pihak ketiga. Permasalahan hukum ini menjadi sangat signifikan karena jika data pribadi seseorang disalahgunakan oleh pihak penyedia data atau pihak ketiga, maka hal ini bertentangan dengan hak dasar manusia yaitu perlindungan terhadap privasi dan data pribadi seseorang yang telah dilindungi oleh instrumen internasional, regional dan nasional. Indonesia hingga saat ini belum memiliki regulasi yang secara khusus melindungi warga negara dari praktik pemanfatan data pribadi yang sewenang wenang, baik yang dilakukan oleh pemerintah, perusahaan swasta maupun individu. Oleh sebab itu, penelitian ini bertujuan untuk menciptakan konsep pengaturan yang memadai dalam rangka memberikan perlindungan bagi pengguna jasa cloud computing di Indonesia."
